1,1,5.000000000000000000e-01
117,1,-7.139227950285009783e-02
148,1,-8.465350279969802161e-02
149,1,-9.543856338714698517e-02
219,1,-8.617128804370013939e-02
278,1,-8.391135841188915312e-02
337,1,-7.572332338427151255e-02
2,2,5.000000000000000000e-01
185,2,-9.312439706865913158e-02
230,2,-1.260370571303213727e-01
257,2,-7.678219487846280056e-02
276,2,-9.250590390591127699e-02
300,2,-1.323088506104776463e-01
3,3,5.000000000000001110e-01
147,3,-6.585783660346393453e-02
173,3,-8.498270276751702934e-02
192,3,-1.408996242092124263e-01
252,3,-1.054007628720761008e-01
310,3,-1.309065769702664750e-01
4,4,4.999999999999999445e-01
84,4,-2.630393267501492105e-02
100,4,-6.712958642345799587e-02
152,4,-8.601401652477468074e-02
167,4,-4.812264349200724711e-02
201,4,-5.584528601644241780e-02
308,4,-8.585559625167844822e-02
343,4,-1.093295326266325723e-01
5,5,5.000000000000001110e-01
87,5,-2.867941231191340964e-02
103,5,-4.470233745892940314e-02
114,5,-7.246093751057249011e-02
165,5,-7.926979866945130238e-02
228,5,-4.988992168992040926e-02
231,5,-9.877458655060078474e-02
243,5,-1.153569767710569821e-01
6,6,5.000000000000000000e-01
118,6,-7.833001251701909862e-02
179,6,-7.561413574846313768e-02
180,6,-9.849897365146677297e-02
203,6,-6.651624170583957107e-02
224,6,-9.312564942633387577e-02
319,6,-8.385691688864084503e-02
7,7,5.000000000000000000e-01
116,7,-7.239475700490169419e-02
132,7,-6.257000522912385676e-02
144,7,-4.148249060160789231e-02
168,7,-4.677757053624275602e-02
182,7,-7.640107492481418294e-02
270,7,-7.580332776708950671e-02
322,7,-1.052343530162666851e-01
8,8,5.000000000000000000e-01
102,8,-8.633869161740052867e-02
198,8,-1.026006232908436844e-01
205,8,-7.558390160515894574e-02
206,8,-1.327383668084889112e-01
245,8,-1.204998376264779653e-01
9,9,4.999999999999998890e-01
104,9,-8.984580680790069107e-02
106,9,-6.139167073761717802e-02
127,9,-1.002008369059306792e-01
177,9,-5.791965428068347743e-02
186,9,-8.490726603811168949e-02
357,9,-1.063306123140844162e-01
10,10,5.000000000000001110e-01
98,10,-4.956959005181058725e-02
131,10,-6.163409616883681885e-02
155,10,-5.220589536398113906e-02
161,10,-6.651531140644845186e-02
242,10,-6.222384115766359247e-02
326,10,-1.026627416573438478e-01
332,10,-8.740493993638225045e-02
11,11,5.000000000000000000e-01
146,11,-6.126928367169837131e-02
153,11,-7.511905376800799561e-02
237,11,-9.696139027514537323e-02
293,11,-9.809544670927858312e-02
312,11,-8.369412816338916983e-02
329,11,-8.307809006927845130e-02
12,12,5.000000000000000000e-01
133,12,-4.634351528506686080e-02
171,12,-4.904751642188461686e-02
191,12,-6.711980666259304007e-02
213,12,-5.083259680886553777e-02
251,12,-1.022440517802376270e-01
255,12,-5.335422011137076065e-02
283,12,-1.100934941507468734e-01
13,13,5.000000000000000000e-01
172,13,-8.393937968875207767e-02
211,13,-1.054777672494671553e-01
289,13,-1.258145357692407318e-01
324,13,-1.153491208867270246e-01
345,13,-8.887486863078998545e-02
14,14,5.000000000000001110e-01
85,14,-7.882291670701992159e-02
166,14,-6.329258935989304224e-02
208,14,-1.013580485760197381e-01
212,14,-7.711962235073366312e-02
298,14,-9.138914212680382398e-02
313,14,-7.991070891376664265e-02
15,15,5.000000000000001110e-01
87,15,-7.677109693072024788e-02
115,15,-8.675907745466651666e-02
128,15,-8.911351647131840470e-02
175,15,-7.806618859601489879e-02
281,15,-7.725391011341556369e-02
327,15,-9.066971611279896204e-02
16,16,5.000000000000001110e-01
145,16,-6.898392158432831156e-02
150,16,-6.410799324201960081e-02
181,16,-8.871432857498380564e-02
221,16,-9.124216422562013429e-02
256,16,-8.890871167170262546e-02
296,16,-8.827485894172432124e-02
17,17,5.000000000000000000e-01
156,17,-1.008837218673464264e-01
222,17,-1.054328302319556543e-01
225,17,-1.136752190358449599e-01
309,17,-1.098141439093228144e-01
340,17,-9.451511725883818271e-02
18,18,5.000000000000000000e-01
137,18,-4.630444275382452485e-02
196,18,-5.043683429628915277e-02
227,18,-9.261487729512189737e-02
254,18,-8.900193519540856857e-02
317,18,-8.765973433109842949e-02
358,18,-1.447338674431635497e-01
19,19,5.000000000000000000e-01
159,19,-3.806494800173037402e-02
232,19,-7.354050934131267647e-02
247,19,-7.288613980485311727e-02
248,19,-5.895239796586641823e-02
315,19,-8.767897706456607987e-02
318,19,-5.647673523758496572e-02
353,19,-8.578202539685586547e-02
20,20,4.999999999999999445e-01
136,20,-9.203442450778308304e-02
200,20,-1.076617674808473396e-01
214,20,-8.817754860053024502e-02
226,20,-1.083965576898853894e-01
297,20,-1.214204717862082533e-01
21,21,4.999999999999999445e-01
139,21,-5.921257686982939195e-02
188,21,-6.388744431729449780e-02
204,21,-7.223481530275167872e-02
236,21,-1.081961353846829371e-01
306,21,-9.583070210309342640e-02
359,21,-8.976388184586760188e-02
22,22,4.999999999999998890e-01
141,22,-4.210309922326255228e-02
234,22,-7.408349492118637691e-02
253,22,-6.105625876061084034e-02
311,22,-5.797482486927729023e-02
314,22,-1.224698170546015541e-01
351,22,-1.465134849032694309e-01
23,23,5.000000000000000000e-01
189,23,-9.992442232993783979e-02
190,23,-1.049545024407160382e-01
223,23,-1.073280987958000754e-01
338,23,-1.023983408907520043e-01
363,23,-1.033839851716628344e-01
24,24,5.000000000000000000e-01
97,24,-7.336887844800257796e-02
106,24,-7.918946186608326332e-02
158,24,-7.562041571787318783e-02
199,24,-1.007531356425358376e-01
271,24,-6.904325374710955365e-02
295,24,-1.045955586650926805e-01
25,25,5.000000000000000000e-01
93,25,-8.357753114717882126e-02
170,25,-7.249164035775006176e-02
249,25,-1.078552382760148282e-01
258,25,-1.350878122053890962e-01
272,25,-1.255985320949710715e-01
26,26,5.000000000000000000e-01
114,26,-7.262464049476531625e-02
115,26,-8.037542493504752639e-02
176,26,-4.704500847757892013e-02
184,26,-1.092378639769131798e-01
233,26,-7.750544268216676136e-02
294,26,-1.148661620842414549e-01
27,27,5.000000000000000000e-01
94,27,-2.683683047743925035e-02
101,27,-5.272956454583400260e-02
127,27,-4.167740782559635482e-02
141,27,-3.866201435933171171e-02
147,27,-4.254356020082782769e-02
186,27,-5.801920819060878837e-02
218,27,-1.093340190764169190e-01
275,27,-9.670111105599304979e-02
28,28,5.000000000000000000e-01
120,28,-5.531226487551622883e-02
143,28,-8.994641686141770232e-02
144,28,-4.967965750144801018e-02
321,28,-1.013828329182091953e-01
339,28,-1.371292396706687566e-01
348,28,-8.231324701521856857e-02
29,29,5.000000000000000000e-01
130,29,-5.721342095287969276e-02
142,29,-8.060944408449061127e-02
166,29,-6.629799465819352644e-02
244,29,-1.131732807820613196e-01
346,29,-9.445913618517783050e-02
365,29,-9.387171769482299810e-02
30,30,5.000000000000000000e-01
128,30,-8.155770728870206931e-02
164,30,-1.085453767219780180e-01
267,30,-1.415016604049766646e-01
301,30,-7.141446397312548044e-02
330,30,-1.157283836983457465e-01
31,31,5.000000000000000000e-01
126,31,-9.880630107183674404e-02
133,31,-7.419952482472924604e-02
266,31,-1.116659350490142866e-01
284,31,-1.347408644158259172e-01
331,31,-1.167594747663960736e-01
32,32,4.999999999999998890e-01
112,32,-1.043372868832839473e-01
140,32,-2.510517917683801475e-02
153,32,-5.621017472697192180e-02
253,32,-1.580712172230324883e-02
280,32,-5.784288138561791831e-02
350,32,-1.008946983070546921e-01
356,32,-1.379053764991967079e-01
33,33,4.999999999999999445e-01
103,33,-7.474393315315790154e-02
158,33,-6.519943787270450486e-02
159,33,-9.789695613460337731e-02
165,33,-8.655199591748335974e-02
268,33,-7.952170173853086166e-02
288,33,-9.278033723700579438e-02
34,34,5.000000000000000000e-01
92,34,-7.823649583798472640e-02
121,34,-1.147165936404347941e-01
135,34,-7.245741453134128818e-02
164,34,-1.068320519718167355e-01
175,34,-5.077190694641550706e-02
304,34,-1.178418530416957127e-01
35,35,5.000000000000000000e-01
80,35,-7.303673116305600677e-02
91,35,-7.981185559201701973e-02
105,35,-8.707237995613655024e-02
170,35,-5.669283365960290505e-02
173,35,-7.469397066656975614e-02
190,35,-5.854934703185544348e-02
224,35,-5.038850945544428445e-02
36,36,5.000000000000000000e-01
113,36,-8.899497257717341181e-02
163,36,-3.118145310087010527e-02
180,36,-7.148383121660766004e-02
181,36,-4.683201211793277391e-02
230,36,-2.609651646602194688e-02
354,36,-8.644429875985064349e-02
360,36,-1.364755973321133409e-01
37,37,4.999999999999999445e-01
118,37,-7.498038374513568693e-02
134,37,-3.720645834632622245e-02
145,37,-4.805079785397988607e-02
179,37,-6.960316145590655923e-02
259,37,-5.686976912019268970e-02
320,37,-1.085244574249963900e-01
342,37,-9.445637893399680407e-02
38,38,5.000000000000000000e-01
167,38,-4.300700491964917771e-02
168,38,-6.991257062818818924e-02
226,38,-4.176444119191437265e-02
269,38,-1.054269866743041267e-01
307,38,-1.064681522109521550e-01
347,38,-1.428439022155078009e-01
39,39,5.000000000000000000e-01
108,39,-4.545948369837453373e-02
177,39,-6.108016605505537516e-02
178,39,-1.346922201164618971e-01
207,39,-7.742895241236491533e-02
292,39,-8.745897302417038333e-02
352,39,-1.279914697253249911e-01
40,40,5.000000000000000000e-01
120,40,-1.764255910234239014e-02
138,40,-6.890861591016420040e-02
144,40,-3.286241570928303407e-02
176,40,-7.010952303520424922e-02
182,40,-8.127691776748932617e-02
261,40,-9.684458011007822387e-02
339,40,-1.343508414029490616e-01
41,41,5.000000000000000000e-01
110,41,-9.124355631954547685e-02
160,41,-9.024239408650144845e-02
161,41,-6.442924721046522363e-02
172,41,-6.144667538989098676e-02
274,41,-1.090843256501818764e-01
323,41,-9.830284382206763705e-02
42,42,5.000000000000000000e-01
163,42,-7.531759885114783226e-02
188,42,-9.933324886479610871e-02
189,42,-7.700147431444022417e-02
203,42,-8.938620787704243398e-02
236,42,-6.097768214103774925e-02
277,42,-9.922372630964652884e-02
43,43,5.000000000000000000e-01
107,43,-7.472090622406325766e-02
185,43,-6.480264063058366331e-02
204,43,-1.056744315394939071e-01
205,43,-7.209564315693939296e-02
241,43,-9.569958932199128243e-02
276,43,-8.352142659527451996e-02
44,44,5.000000000000000000e-01
102,44,-9.753401177550199974e-02
198,44,-1.130107058166850836e-01
200,44,-1.045048499729106101e-01
201,44,-1.109141351383505919e-01
344,44,-9.240661223677493208e-02
45,45,5.000000000000000000e-01
102,45,-3.439308863108581082e-02
107,45,-3.349304923425653474e-02
117,45,-3.507731507395927401e-02
139,45,-2.340210303493071159e-02
206,45,-8.951148838877054370e-02
214,45,-7.490755047703152869e-02
219,45,-1.004602257453234004e-01
306,45,-7.879509472412127291e-02
46,46,5.000000000000001110e-01
94,46,-7.797479284805068633e-02
108,46,-2.548132544370732000e-02
141,46,-2.312284378472889354e-02
202,46,-1.175911822832544917e-01
218,46,-1.048385450800469187e-01
234,46,-8.121710452312796980e-02
265,46,-6.830267663931265110e-02
47,47,4.999999999999998890e-01
109,47,-3.854216200237670781e-02
162,47,-7.237368376053607277e-02
171,47,-5.306401019710227374e-02
191,47,-9.309946400041717307e-02
193,47,-1.446769852721982719e-01
195,47,-1.021210133728897851e-01
215,47,-4.013859997219040854e-02
48,48,5.000000000000000000e-01
147,48,-6.562693721522946944e-02
192,48,-8.480029924339760328e-02
199,48,-6.648020092907504230e-02
275,48,-9.680633779686249885e-02
291,48,-7.790452893096183606e-02
305,48,-9.391445702768544401e-02
49,49,5.000000000000000000e-01
109,49,-1.635952000382102228e-02
129,49,-3.517808892244955049e-02
150,49,-4.494287655736532716e-02
194,49,-1.126630940890773480e-01
213,49,-1.081465713098346132e-01
221,49,-1.007359304851507820e-01
328,49,-1.035396954329405594e-01
50,50,5.000000000000000000e-01
103,50,-3.311155570229889350e-02
116,50,-5.978299507035713528e-02
132,50,-5.732448049012980190e-02
231,50,-9.913115505933456362e-02
232,50,-8.386546058159158323e-02
233,50,-6.893228351165231471e-02
315,50,-7.955979351314614034e-02
51,51,5.000000000000000000e-01
142,51,-7.257873592057076384e-02
209,51,-1.527363034557014387e-01
210,51,-1.174604788020954388e-01
240,51,-1.218216576834280224e-01
244,51,-1.306465465331411446e-01
52,52,4.999999999999998890e-01
99,52,-6.782294781014200358e-02
155,52,-5.460216906005850579e-02
172,52,-4.670016668214031774e-02
245,52,-5.909147191838520080e-02
274,52,-1.008401907385434587e-01
289,52,-6.370215436603546277e-02
333,52,-8.642698534438521263e-02
53,53,5.000000000000000000e-01
179,53,-9.731285975053481641e-02
258,53,-9.550646831790857161e-02
259,53,-1.027560923292940437e-01
287,53,-1.072549298724096017e-01
319,53,-1.108681917789841043e-01
54,54,5.000000000000000000e-01
119,54,-8.126287862625539149e-02
146,54,-4.088968952758977732e-02
154,54,-5.110596754782087414e-02
239,54,-1.211126534279039074e-01
249,54,-9.693088144842376686e-02
264,54,-4.664454931627100981e-02
293,54,-8.436713546721054391e-02
55,55,4.999999999999998890e-01
138,55,-7.521977643697620730e-02
176,55,-9.511328798352816638e-02
184,55,-7.696403862429386511e-02
235,55,-6.595617551367700948e-02
263,55,-1.342653236935105188e-01
361,55,-9.166565625409332785e-02
56,56,5.000000000000000000e-01
165,56,-8.126264377865283217e-02
197,56,-8.022830026596383668e-02
227,56,-7.974563844847104566e-02
228,56,-8.126222395478736871e-02
268,56,-8.432845031983299267e-02
317,56,-8.643884523646391815e-02
57,57,5.000000000000001110e-01
123,57,-6.032052109894700531e-02
157,57,-6.239077552465887438e-02
169,57,-9.626454334365380783e-02
211,57,-8.104377230846762648e-02
212,57,-1.081370965030135634e-01
299,57,-1.152222693822082394e-01
58,58,5.000000000000000000e-01
136,58,-9.582718030610778981e-02
248,58,-1.066156549154621130e-01
269,58,-1.125806436942320132e-01
270,58,-9.572816264861057356e-02
318,58,-1.055650246102569356e-01
59,59,4.999999999999999445e-01
146,59,-5.524007313401983060e-02
170,59,-7.510905956630187230e-02
173,59,-7.774476156953463724e-02
237,59,-9.535515099730328126e-02
252,59,-8.881941357033032447e-02
272,59,-1.107465835834161583e-01
60,60,5.000000000000000000e-01
139,60,-5.767402757032618482e-02
223,60,-6.708401057222794506e-02
236,60,-8.609127436752901652e-02
277,60,-9.701414975964887943e-02
278,60,-1.083131193980988172e-01
337,60,-7.763210151409737081e-02
61,61,5.000000000000001110e-01
153,61,-7.700885966383305692e-02
262,61,-1.058970453517216609e-01
279,61,-1.012233973053816571e-01
280,61,-1.300473909232433278e-01
329,61,-1.255691095238179178e-01
62,62,5.000000000000000000e-01
87,62,-4.162030571468615381e-02
128,62,-5.875432514902257514e-02
137,62,-4.533171395149243610e-02
227,62,-7.561518297491907903e-02
228,62,-4.522254951121031097e-02
243,62,-1.150960344374272054e-01
267,62,-1.042800536330285716e-01
63,63,5.000000000000001110e-01
148,63,-6.813331089577691346e-02
149,63,-6.537854322756260494e-02
158,63,-6.834183558348236320e-02
159,63,-6.771827997334982363e-02
295,63,-1.179715088775265402e-01
353,63,-1.195819317345318128e-01
64,64,5.000000000000000000e-01
84,64,-2.240599138263675572e-02
152,64,-1.055857495227159049e-01
156,64,-5.558407193440387944e-02
166,64,-3.184109932499890050e-02
222,64,-5.924529493257448681e-02
298,64,-1.191338343232094255e-01
346,64,-9.838145118220800733e-02
65,65,5.000000000000000000e-01
150,65,-7.256287371027829447e-02
251,65,-1.159922612565438271e-01
255,65,-1.148412680166916583e-01
256,65,-1.428673729337595344e-01
257,65,-7.967247022697211689e-02
66,66,5.000000000000001110e-01
162,66,-5.695718587809805999e-02
171,66,-8.537137609293111995e-02
183,66,-1.021686604547503152e-01
282,66,-1.280972574745950776e-01
283,66,-1.019461671764119448e-01
284,66,-5.665063634744942761e-02
67,67,5.000000000000000000e-01
167,67,-6.063767580210617514e-02
222,67,-5.166808631358388304e-02
307,67,-8.561000500341905961e-02
308,67,-1.186099847026196447e-01
309,67,-1.011330596470618043e-01
349,67,-7.907585516469260722e-02
68,68,4.999999999999999445e-01
117,68,-6.548226599468440212e-02
136,68,-5.426452147810042342e-02
149,68,-7.209019344668872453e-02
247,68,-1.097732726809510090e-01
248,68,-7.789255687116010407e-02
297,68,-1.252457315609908362e-01
69,69,5.000000000000000000e-01
126,69,-5.720118125627631639e-02
242,69,-6.303557348970457996e-02
266,69,-1.013103570448547486e-01
285,69,-7.256865503574498610e-02
286,69,-1.531568876520411349e-01
332,69,-9.689471876942720718e-02
70,70,5.000000000000000000e-01
137,70,-5.142764145100049700e-02
196,70,-5.016632953461248878e-02
301,70,-8.467898577275426164e-02
302,70,-9.840665437027742990e-02
303,70,-9.491576328245636407e-02
358,70,-1.448164698701682740e-01
71,71,4.999999999999998890e-01
98,71,-3.613876401053520843e-02
131,71,-6.710306595245374428e-02
133,71,-3.794312415180868536e-02
255,71,-8.956235958384417550e-02
257,71,-4.309873779679223443e-02
300,71,-1.146218453399655696e-01
331,71,-1.016270541021567497e-01
72,72,4.999999999999999445e-01
84,72,-7.766825775977140300e-02
123,72,-1.180574189330450413e-01
343,72,-1.431326938626722722e-01
344,72,-7.848463083773299376e-02
345,72,-1.083356308661082568e-01
73,73,5.000000000000000000e-01
157,73,-3.513160165146417963e-02
229,73,-8.324123178101444642e-02
299,73,-1.209556184951751517e-01
323,73,-7.514077060880357262e-02
324,73,-7.374073737385210270e-02
325,73,-1.346020740094105994e-01
74,74,5.000000000000001110e-01
217,74,-1.008253170453454750e-01
246,74,-8.156141499636863912e-02
250,74,-1.493951773756000134e-01
279,74,-6.843632808735776452e-02
280,74,-8.592477159958178401e-02
350,74,-8.435204720424448188e-02
75,75,5.000000000000000000e-01
111,75,-3.605352399657180823e-02
140,75,-2.082910710450342276e-02
253,75,-5.435946869450510727e-02
314,75,-1.198818930008794387e-01
316,75,-2.035957246603579129e-01
356,75,-1.425072300788528257e-01
76,76,4.999999999999999445e-01
168,76,-8.259350483359541306e-02
307,76,-1.089926697099335984e-01
322,76,-1.332574430609918259e-01
348,76,-7.798431781709591615e-02
349,76,-1.163792395628646392e-01
77,77,5.000000000000001110e-01
151,77,-1.015879123389326205e-01
196,77,-6.572488731044881516e-02
207,77,-6.377585045544433007e-02
254,77,-9.993785616783694425e-02
292,77,-8.477318033227849992e-02
355,77,-1.225028979833461540e-01
78,78,5.000000000000000000e-01
129,78,-2.259599975064211300e-02
134,78,-3.308871423786569760e-02
296,78,-1.089693677392236104e-01
320,78,-1.158705756929232361e-01
335,78,-1.487371182788035096e-01
336,78,-1.466656582841913137e-01
79,79,4.999999999999998890e-01
101,79,-4.877533508803959250e-02
237,79,-6.873596828957739824e-02
252,79,-7.633090605127117179e-02
310,79,-1.136027083657749626e-01
311,79,-9.459897873762825038e-02
312,79,-9.116863567351420061e-02
35,80,-7.464639884479451482e-02
80,80,5.000000000000000000e-01
173,80,-8.383261570223776715e-02
190,80,-9.546327845468630113e-02
192,80,-9.367186357809820230e-02
305,80,-7.041589429858950699e-02
363,80,-8.123811268040032063e-02
81,81,5.000000000000001110e-01
148,81,-8.300342621909470586e-02
223,81,-8.010728761094783323e-02
271,81,-1.150087718056522212e-01
337,81,-1.325902710056358624e-01
338,81,-1.123209073541640707e-01
82,82,5.000000000000000000e-01
220,82,-9.405207597816753196e-02
235,82,-5.156836576727118898e-02
281,82,-8.032037495590874099e-02
327,82,-7.847408473065076162e-02
361,82,-1.036563118464693817e-01
367,82,-1.280983344445942029e-01
83,83,5.255631696387095264e-01
175,83,-5.592142748101697203e-02
187,83,-1.330844116284902179e-01
220,83,-1.201677148612054075e-01
304,83,-9.317511647173432054e-02
327,83,-9.823453669329910987e-02
4,84,-2.605438772870664541e-02
64,84,-2.188222782904386543e-02
72,84,-7.227217370414086572e-02
84,84,5.000000000000001110e-01
123,84,-2.332306955040263155e-02
152,84,-1.003531669153377021e-01
298,84,-7.369788596339198194e-02
313,84,-8.008243917663850076e-02
343,84,-7.277376467784330005e-02
14,85,-7.590325822913031317e-02
85,85,5.268556841339683272e-01
169,85,-1.255026339128218205e-01
208,85,-6.612078058113338153e-02
212,85,-8.343395160535985178e-02
290,85,-1.428012830482741913e-01
86,86,5.000000000000000000e-01
142,86,-1.162752071026054990e-01
208,86,-1.157662231026497512e-01
209,86,-8.568115038895522673e-02
290,86,-7.721799897529942058e-02
364,86,-1.969641977582863579e-01
5,87,-2.873233020916700353e-02
15,87,-7.930735787344309062e-02
62,87,-4.160908913611891663e-02
87,87,5.000000000000000000e-01
114,87,-7.746289759283071785e-02
115,87,-6.846084997724002918e-02
128,87,-6.473653304749986404e-02
243,87,-1.330583834760127593e-01
88,88,5.000000000000000000e-01
163,88,-4.926089858111105252e-02
185,88,-7.685605207667016436e-02
188,88,-8.176223778677318976e-02
230,88,-5.282401748860355434e-02
359,88,-1.039773282279845001e-01
360,88,-1.407251943437751174e-01
89,89,5.000000000000000000e-01
177,89,-5.758535904034792902e-02
197,89,-7.470319013937938568e-02
254,89,-8.401341896755466776e-02
292,89,-9.882434601625278425e-02
317,89,-7.790752374982275186e-02
357,89,-1.091789104884187678e-01
90,90,5.000000000000000000e-01
143,90,-5.133682925025379734e-02
174,90,-6.801049553094642985e-02
225,90,-7.871010113559089028e-02
260,90,-1.761481368340277465e-01
321,90,-9.461513645395058791e-02
340,90,-9.530704100567775894e-02
35,91,-8.551124422682090942e-02
91,91,4.999999999999998890e-01
189,91,-9.782379404337672446e-02
190,91,-1.201983670308107849e-01
203,91,-9.841796427951784998e-02
224,91,-1.214722963071152850e-01
34,92,-6.497509601861753414e-02
92,92,5.778901495864255944e-01
121,92,-9.052959267663572562e-02
122,92,-7.437612202254807736e-02
164,92,-4.838962920527089401e-02
330,92,-9.306037622011013866e-02
25,93,-7.879532591510576833e-02
93,93,5.081974201425751847e-01
154,93,-1.261921903846927040e-01
249,93,-5.913161004963618517e-02
258,93,-3.405313666110905413e-02
273,93,-1.369801209192181013e-01
287,93,-8.797304370604043522e-02
27,94,-2.945493553306669648e-02
46,94,-8.201660178352893071e-02
94,94,4.999999999999999445e-01
108,94,-4.934561873836153939e-02
186,94,-9.397326536275857345e-02
218,94,-1.446446320352856307e-01
352,94,-1.191483527102808887e-01
95,95,5.181288490251391154e-01
259,95,-6.372001584732436830e-02
273,95,-1.467251933973473532e-01
287,95,-8.285415305552772114e-02
342,95,-6.753817438665062067e-02
362,95,-1.552593304197428525e-01
96,96,5.000000000000000000e-01
156,96,-7.293150660014380282e-02
174,96,-8.227341757195552607e-02
225,96,-9.803169376211939845e-02
238,96,-6.648002007841992411e-02
365,96,-9.194150587212168713e-02
366,96,-1.149330024497548230e-01
24,97,-7.139176791795354138e-02
97,97,5.000000000000000000e-01
199,97,-8.660880299447534791e-02
271,97,-8.707900736327515989e-02
305,97,-8.512426058468844370e-02
338,97,-8.579953641587785562e-02
363,97,-7.451031393395778080e-02
10,98,-4.975312066666758709e-02
71,98,-3.522047551618779498e-02
98,98,5.000000000000000000e-01
131,98,-9.611338729215294918e-02
241,98,-4.925057121651381375e-02
276,98,-6.759563946975144511e-02
300,98,-9.325520152966464138e-02
326,98,-8.977326945673627656e-02
52,99,-6.880551140289127565e-02
99,99,4.999999999999998890e-01
155,99,-8.633944462757658922e-02
205,99,-7.960556718458727810e-02
241,99,-7.777001968448056524e-02
245,99,-9.673154271462695852e-02
326,99,-8.426587438202284841e-02
4,100,-7.156245578604671087e-02
100,100,4.999999999999999445e-01
167,100,-5.803835340232781775e-02
200,100,-7.390938886395016783e-02
201,100,-1.092477386199610656e-01
226,100,-5.682520843006403505e-02
347,100,-1.418527570117066317e-01
27,101,-5.574260130334460911e-02
79,101,-5.127188800176774031e-02
101,101,4.999999999999999445e-01
141,101,-4.975194252098195241e-02
147,101,-7.248674096240030618e-02
310,101,-9.874153505391104757e-02
311,101,-2.964808948020259197e-02
351,101,-1.393603756493673462e-01
8,102,-8.212955734395585572e-02
44,102,-9.469130344208014083e-02
45,102,-3.513951500238149395e-02
102,102,5.000000000000000000e-01
198,102,-3.798821177409533040e-02
200,102,-4.616324422558987228e-02
206,102,-8.843207581902036429e-02
214,102,-1.023883078753846515e-01
5,103,-4.351028050120329255e-02
33,103,-7.453740384140215836e-02
50,103,-3.327165704612116554e-02
103,103,5.000000000000000000e-01
159,103,-4.290343510565854807e-02
165,103,-8.330135646748829115e-02
231,103,-1.010388279337447875e-01
315,103,-1.086965511897069053e-01
9,104,-9.022038005044701048e-02
104,104,5.000000000000000000e-01
106,104,-5.824281065422333425e-02
197,104,-6.926307156363353812e-02
268,104,-6.761084728933230981e-02
288,104,-1.195106410188573748e-01
357,104,-9.819922607319739316e-02
35,105,-9.336675502417739192e-02
105,105,5.000000000000000000e-01
170,105,-1.210846999878431168e-01
224,105,-1.073654955640554742e-01
258,105,-8.636528961613920696e-02
319,105,-1.128323770875763188e-01
9,106,-5.822996463790561239e-02
24,106,-7.537024096466179990e-02
104,106,-5.501391591229592981e-02
106,106,5.000000000000000000e-01
127,106,-3.855330391275629820e-02
158,106,-3.064827469921083125e-02
199,106,-4.584538075282350300e-02
288,106,-8.315867823616793220e-02
291,106,-7.939350808027414996e-02
43,107,-7.829262742968851052e-02
45,107,-3.544478400490987807e-02
107,107,5.000000000000001110e-01
204,107,-7.037969638326918576e-02
205,107,-7.081332017772942744e-02
206,107,-1.247982701808456052e-01
306,107,-1.273219743304547236e-01
39,108,-4.238725424571148509e-02
46,108,-2.328612129037550132e-02
94,108,-4.287224225625218405e-02
108,108,5.368994276821547063e-01
178,108,-1.038287203825437044e-01
202,108,-1.560963979728305917e-01
352,108,-7.459792633472722700e-02
47,109,-3.692836278921230592e-02
49,109,-1.483926170294693966e-02
109,109,5.403119006552169479e-01
191,109,-8.845251246058488670e-02
193,109,-9.625445395266425674e-02
194,109,-1.543456518575634095e-01
213,109,-4.616400373985615757e-02
41,110,-9.128463789090053571e-02
110,110,4.999999999999999445e-01
160,110,-7.094619081881116396e-02
161,110,-8.952146983386173595e-02
242,110,-7.845098846867422371e-02
285,110,-6.763349499351130334e-02
341,110,-1.412694916614356533e-01
75,111,-2.662766865131446781e-02
111,111,5.914688635441295306e-01
234,111,-7.798396737860181782e-02
265,111,-7.092298752701926834e-02
314,111,-9.479063618082347875e-02
316,111,-8.135188417998226451e-02
32,112,-1.032945254103252025e-01
112,112,5.000000000000000000e-01
153,112,-9.003664295687119346e-02
253,112,-1.106687305123958409e-01
311,112,-8.437517370687153129e-02
312,112,-1.268424847298010860e-01
36,113,-8.964422687664745648e-02
113,113,5.000000000000000000e-01
181,113,-1.042597957900864569e-01
230,113,-1.124289189771754821e-01
256,113,-1.082670203390948271e-01
257,113,-9.426727288449394948e-02
5,114,-7.059941188789053967e-02
26,114,-7.159632256833817210e-02
87,114,-7.533386883275237922e-02
114,114,5.000000000000000000e-01
115,114,-9.958672520788657001e-02
231,114,-1.010564226959554807e-01
233,114,-7.305855073955501433e-02
15,115,-8.688127771923077891e-02
26,115,-7.898216015673924228e-02
87,115,-6.636480538227711168e-02
114,115,-9.926598499761944694e-02
115,115,5.000000000000001110e-01
184,115,-6.879440386485659309e-02
281,115,-9.406621412870107279e-02
7,116,-7.428685985822629234e-02
50,116,-6.062397008553033206e-02
116,116,5.000000000000000000e-01
132,116,-1.101506087813243634e-01
182,116,-7.059494398910766411e-02
233,116,-8.329507216989902318e-02
294,116,-1.004380173880636828e-01
1,117,-7.095224207635543456e-02
45,117,-3.573237852889683819e-02
68,117,-6.361812887060615263e-02
117,117,4.999999999999998890e-01
149,117,-5.268996726257629132e-02
214,117,-7.398156510439921063e-02
219,117,-1.039670547230207159e-01
297,117,-8.578696584504195977e-02
6,118,-7.927811073212982784e-02
37,118,-7.599140778862262247e-02
118,118,5.000000000000000000e-01
145,118,-7.129718658678849130e-02
179,118,-9.977561302946771904e-02
180,118,-6.247951119943900844e-02
354,118,-1.119792193577647810e-01
54,119,-8.525745824953086249e-02
119,119,5.000000000000001110e-01
262,119,-1.044429638179695946e-01
264,119,-1.339196534123797966e-01
293,119,-1.225145073999900497e-01
329,119,-8.964968877417169024e-02
28,120,-5.518534538733643746e-02
40,120,-1.780384305377800611e-02
120,120,5.151783581713438309e-01
143,120,-9.718411844254033760e-02
261,120,-8.558940292609884537e-02
334,120,-1.458428788506501983e-01
339,120,-1.139135360563663796e-01
34,121,-9.464186738389727960e-02
92,121,-8.993113713849089363e-02
121,121,5.945919028151223085e-01
135,121,-7.609916741179303945e-02
216,121,-1.451390836337932699e-01
92,122,-7.795980927932504023e-02
122,122,5.889157876054003093e-01
301,122,-4.080378394862530650e-02
302,122,-1.406542610935460347e-01
330,122,-1.128297710113358582e-01
57,123,-5.942074432238533821e-02
72,123,-1.110841694237838517e-01
84,123,-2.358397694627111657e-02
123,123,5.000000000000000000e-01
211,123,-8.353564850016508003e-02
212,123,-5.497011365055715082e-02
313,123,-1.102056245518550637e-01
345,123,-4.397506256902780630e-02
124,124,4.999999999999999445e-01
198,124,-8.780690527971608816e-02
289,124,-9.738143433885451672e-02
333,124,-1.169202947103758772e-01
344,124,-1.202726886528618089e-01
345,124,-9.775692060807851524e-02
125,125,4.999999999999999445e-01
309,125,-9.075904192959607930e-02
321,125,-1.105079805900213291e-01
340,125,-1.054058540189171250e-01
348,125,-9.274245532310741724e-02
349,125,-1.184752221617579315e-01
31,126,-7.703448399440229744e-02
69,126,-4.634064917540968442e-02
126,126,5.726025251120742121e-01
183,126,-6.276496335253232972e-02
266,126,-5.183822089576405057e-02
284,126,-4.772536187138508301e-02
286,126,-8.431918948034811123e-02
9,127,-1.039540693617942158e-01
27,127,-4.392324286313537690e-02
106,127,-4.216913319201523458e-02
127,127,5.000000000000000000e-01
186,127,-1.033001535419722228e-01
275,127,-1.032821333232921968e-01
291,127,-1.164269679560282073e-01
15,128,-8.865948295114174649e-02
30,128,-7.499748647994818052e-02
62,128,-5.657032350172779001e-02
87,128,-6.234696457299721689e-02
128,128,5.000000000000000000e-01
164,128,-5.910308254099002484e-02
175,128,-6.125958716287017991e-02
267,128,-7.679180989336822916e-02
49,129,-3.118392207856458473e-02
78,129,-1.844188710223313918e-02
129,129,5.474277350672906994e-01
221,129,-9.490103827567870909e-02
296,129,-4.281828891840128160e-02
328,129,-8.506748113583174897e-02
336,129,-1.413946222546696996e-01
29,130,-4.918925917514231638e-02
130,130,5.680413537774520183e-01
210,130,-7.407515781951111433e-02
238,130,-1.171781246362507412e-01
244,130,-9.713896666638908994e-02
365,130,-4.540185117045582308e-02
10,131,-6.425602750668914231e-02
71,131,-6.792851582302089630e-02
98,131,-9.983244907421000292e-02
131,131,5.000000000000000000e-01
266,131,-5.312392989896529139e-02
331,131,-1.043116177734648015e-01
332,131,-1.124817963054234177e-01
7,132,-6.465570451432307852e-02
50,132,-5.853863658148564936e-02
116,132,-1.109232721980265707e-01
132,132,5.000000000000000000e-01
232,132,-9.996496870964362291e-02
270,132,-9.642821410505064694e-02
318,132,-7.075104449836597253e-02
12,133,-4.658894958172087736e-02
31,133,-6.910675798420831684e-02
71,133,-3.739989930805757978e-02
133,133,5.000000000000000000e-01
255,133,-9.768260424452805679e-02
283,133,-9.058851528080562321e-02
284,133,-4.740873302234952652e-02
331,133,-9.116520515104828415e-02
37,134,-3.228037768918953776e-02
78,134,-2.480754069897807279e-02
134,134,5.699174280454084585e-01
320,134,-8.693196884378541489e-02
335,134,-7.366161115151512173e-02
342,134,-9.067378148351504241e-02
362,134,-5.906744634988696230e-02
34,135,-6.015617703942665456e-02
121,135,-7.658086063280460098e-02
135,135,5.761160300029970482e-01
187,135,-8.077974665753735739e-02
216,135,-1.164589655148546010e-01
304,135,-7.654278802802508275e-02
20,136,-8.567778505255106702e-02
58,136,-9.050955636000415638e-02
68,136,-5.137671233159434026e-02
136,136,5.000000000000000000e-01
226,136,-4.971358198818127960e-02
248,136,-6.287862801137179825e-02
269,136,-6.272696930444394969e-02
297,136,-7.070586330991884827e-02
18,137,-4.458046664741404513e-02
62,137,-4.512168324550417525e-02
70,137,-4.928129705451939069e-02
137,137,5.000000000000000000e-01
227,137,-8.191372578168958085e-02
267,137,-1.064553912071085906e-01
301,137,-4.914612627101776210e-02
358,137,-1.053878548564557288e-01
40,138,-6.004649561815428305e-02
55,138,-6.680327319328756286e-02
138,138,5.569401476895737835e-01
176,138,-5.694903887651048963e-02
261,138,-1.205602413064520290e-01
263,138,-1.067161232719517489e-01
21,139,-5.998453349286732295e-02
45,139,-2.408778452544333912e-02
60,139,-5.795509322303826760e-02
139,139,5.000000000000000000e-01
219,139,-8.990010819203551884e-02
236,139,-5.864359266694610384e-02
278,139,-8.201873476453042100e-02
306,139,-1.170578796242951886e-01
32,140,-2.078940580178911465e-02
75,140,-1.600918726662721794e-02
140,140,5.764607294837602591e-01
217,140,-4.928045402720557244e-02
316,140,-7.195856876363040944e-02
350,140,-9.268817624912367714e-02
356,140,-1.120253607092187575e-01
22,141,-4.238916766478488529e-02
27,141,-4.177566627821569650e-02
46,141,-2.394422805384299746e-02
101,141,-5.085292083106052879e-02
141,141,4.999999999999999445e-01
218,141,-1.411828038082506287e-01
234,141,-8.747252963833426764e-02
351,141,-1.074493153854860078e-01
29,142,-7.892594487234934342e-02
51,142,-6.824520634624527127e-02
86,142,-1.071190114425128459e-01
142,142,5.000000000000000000e-01
166,142,-5.316235044055504094e-02
208,142,-6.196826441959266824e-02
209,142,-4.074347718712872934e-02
244,142,-7.569125491714384646e-02
28,143,-7.252885157941880989e-02
90,143,-4.223262219393283251e-02
120,143,-7.854524705191970324e-02
143,143,5.779296459572470512e-01
260,143,-1.027094206798234155e-01
321,143,-6.995271491720185530e-02
7,144,-4.347063657433065942e-02
28,144,-4.850367483448576184e-02
40,144,-3.245229304033039885e-02
144,144,5.000000000000000000e-01
182,144,-9.299704238956840729e-02
322,144,-1.022709691824865152e-01
339,144,-1.146063828700158577e-01
348,144,-5.295519629864783862e-02
16,145,-6.760864180110894017e-02
37,145,-4.733362650861100418e-02
118,145,-6.929864417484932204e-02
145,145,5.000000000000001110e-01
181,145,-6.080704549274858900e-02
296,145,-5.557494459902680844e-02
320,145,-9.735831805899548830e-02
354,145,-8.065064147968185881e-02
11,146,-6.054472433729143205e-02
54,146,-4.057821038817861076e-02
59,146,-5.424363546349462301e-02
146,146,5.000000000000000000e-01
237,146,-6.335684498309612778e-02
249,146,-5.929793147870927872e-02
272,146,-9.869632361387126185e-02
293,146,-1.075068340316305687e-01
3,147,-6.127433597735318371e-02
27,147,-4.248691261739721836e-02
48,147,-6.576614022033218376e-02
101,147,-6.847733816707289589e-02
147,147,5.000000000000001110e-01
192,147,-5.211761032316129111e-02
275,147,-1.037347455952149083e-01
310,147,-8.551887873075281199e-02
1,148,-8.148413639303211942e-02
63,148,-6.400460734369597948e-02
81,148,-7.687174547760135257e-02
148,148,5.000000000000000000e-01
149,148,-6.145949838093439643e-02
271,148,-5.077801120715521449e-02
295,148,-8.323656838715570716e-02
337,148,-5.700357408342246468e-02
1,149,-9.249874268059529725e-02
63,149,-6.184018574602786339e-02
68,149,-6.830153187092116718e-02
117,149,-5.138365464729032633e-02
148,149,-6.188320717383129221e-02
149,149,4.999999999999998890e-01
247,149,-7.315225581866570403e-02
353,149,-6.746724576782588134e-02
16,150,-6.358133158446412081e-02
49,150,-4.204955349332401698e-02
65,150,-6.675274957536371512e-02
150,150,5.000000000000000000e-01
213,150,-6.110078401548386245e-02
221,150,-1.037282557093250623e-01
251,150,-8.966524756327004519e-02
256,150,-4.808527117934730671e-02
77,151,-8.416397705905893922e-02
151,151,6.022259973856234350e-01
196,151,-8.400093242834044682e-02
303,151,-9.479695554607966979e-02
355,151,-9.109278379288901495e-02
4,152,-9.119947524857081878e-02
64,152,-1.103813247328775948e-01
84,152,-1.074221910499635474e-01
152,152,4.999999999999999445e-01
222,152,-8.846093560156986779e-02
308,152,-1.272723326278488443e-01
11,153,-7.235059813967244235e-02
32,153,-5.176642750541713550e-02
61,153,-7.074277162673103803e-02
112,153,-8.375578009028955551e-02
153,153,5.000000000000000000e-01
280,153,-7.140037436615129240e-02
312,153,-5.956479673857629359e-02
329,153,-6.059003610672657192e-02
54,154,-4.487445286491514862e-02
93,154,-1.100081015503972665e-01
154,154,5.903518036189775442e-01
239,154,-1.366079260999978340e-01
249,154,-8.912054844526143271e-02
10,155,-5.391787026206478622e-02
52,155,-5.649934782491577295e-02
99,155,-8.806355732986967388e-02
155,155,4.999999999999998890e-01
161,155,-9.159783995328911466e-02
274,155,-1.047624567677606089e-01
326,155,-1.071508672875429169e-01
17,156,-9.504809546777100160e-02
64,156,-5.382976151177877588e-02
96,156,-7.163429371888933861e-02
156,156,5.000000000000000000e-01
222,156,-5.714282930252197884e-02
225,156,-5.649548996079625796e-02
346,156,-9.900753643617314637e-02
365,156,-4.924640995006845240e-02
57,157,-5.673687246637833942e-02
73,157,-3.116308659158856589e-02
157,157,5.592604918440589046e-01
169,157,-9.936465307497249766e-02
299,157,-8.013093469980060723e-02
325,157,-1.476610030613342839e-01
24,158,-7.484966972894312176e-02
33,158,-6.553347920173949182e-02
63,158,-6.629504739148744941e-02
106,158,-3.187310308623913374e-02
158,158,5.000000000000000000e-01
159,158,-5.170391294597562887e-02
288,158,-1.132458180660548541e-01
295,158,-8.682938266683422335e-02
19,159,-3.833367699635341352e-02
33,159,-9.760609543258569332e-02
63,159,-6.516115022970170312e-02
103,159,-4.289448938353397633e-02
158,159,-5.128753057194255366e-02
159,159,4.999999999999999445e-01
315,159,-9.727555194197735899e-02
353,159,-9.067717998111578248e-02
41,160,-7.411390359105317349e-02
110,160,-5.824017474696160934e-02
160,160,5.855848066081342784e-01
229,160,-6.672968145388469274e-02
323,160,-7.384888708680600877e-02
341,160,-8.706255534260393114e-02
10,161,-6.745713050538149069e-02
41,161,-6.406977477055968151e-02
110,161,-8.898193614689353659e-02
155,161,-8.994526094085966705e-02
161,161,4.999999999999998890e-01
242,161,-9.297044239333807081e-02
274,161,-9.089896828501899118e-02
47,162,-7.135331803352398805e-02
66,162,-5.592061961572315082e-02
162,162,5.220666370032578385e-01
171,162,-8.925272696226245472e-02
195,162,-1.395879057312999494e-01
282,162,-1.575053102301190167e-01
36,163,-3.047360406612423245e-02
42,163,-7.563009977713537613e-02
88,163,-4.677022669304622959e-02
163,163,4.999999999999999445e-01
180,163,-9.009264559892950219e-02
188,163,-6.825155504902810644e-02
203,163,-6.331301411413171876e-02
360,163,-1.116563349362617308e-01
30,164,-1.050864701184390099e-01
34,164,-1.092948338009178677e-01
92,164,-5.960913483997851842e-02
128,164,-6.222485688605992882e-02
164,164,4.999999999999998890e-01
175,164,-8.468844941979475349e-02
330,164,-9.646702327294179313e-02
5,165,-7.675274875050543122e-02
33,165,-8.586178922463059970e-02
56,165,-8.178025585756970584e-02
103,165,-8.286604390503399253e-02
165,165,5.000000000000001110e-01
228,165,-8.479453988737875592e-02
268,165,-8.036060575236429748e-02
14,166,-6.236333471256479133e-02
29,166,-6.406808135632213741e-02
64,166,-3.082562493616679278e-02
142,166,-5.247006911816979452e-02
166,166,5.000000000000000000e-01
208,166,-7.963396313512212388e-02
298,166,-8.709749932299155895e-02
346,166,-1.037092264163405886e-01
4,167,-4.850619435895200254e-02
38,167,-4.089059463818729007e-02
67,167,-6.072372442551371430e-02
100,167,-5.487714954407096890e-02
167,167,5.000000000000000000e-01
307,167,-7.017532358228913136e-02
308,167,-9.518408117066110008e-02
347,167,-1.072533220898834044e-01
7,168,-4.676789306399144197e-02
38,168,-6.437742863270083660e-02
76,168,-7.665045707845777323e-02
168,168,5.000000000000000000e-01
269,168,-6.521813402238625657e-02
270,168,-8.770537546076248581e-02
307,168,-5.613842927073120492e-02
322,168,-7.882234863460223229e-02
57,169,-7.908529340585074285e-02
85,169,-1.092477824052397323e-01
157,169,-8.976691238388188887e-02
169,169,5.943353470475878364e-01
212,169,-7.076881280095459470e-02
25,170,-6.787562326723384221e-02
35,170,-5.824345091299892863e-02
59,170,-7.434609068293215883e-02
105,170,-1.160102477804976356e-01
170,170,5.000000000000001110e-01
173,170,-6.029381294029320659e-02
258,170,-3.124047455163240020e-02
272,170,-8.047200661278072764e-02
12,171,-5.032488217031728939e-02
47,171,-5.402351726556468142e-02
66,171,-8.655357815547091993e-02
162,171,-9.216601019032924502e-02
171,171,5.000000000000000000e-01
191,171,-1.250560546395355632e-01
283,171,-9.120072338951223934e-02
13,172,-7.823977702597646744e-02
41,172,-5.980863262074249259e-02
52,172,-4.644514969883947741e-02
172,172,5.000000000000001110e-01
274,172,-9.441405855849495377e-02
289,172,-7.149894410570961645e-02
323,172,-6.750977103575514504e-02
324,172,-6.073692005775990777e-02
3,173,-7.696988866295485787e-02
35,173,-7.464823613639244571e-02
59,173,-7.486037841071782606e-02
80,173,-8.197463415961846189e-02
170,173,-5.865267426003944323e-02
173,173,5.000000000000000000e-01
192,173,-4.612921855943298566e-02
252,173,-6.770022007812877274e-02
90,174,-5.438345339537880435e-02
96,174,-6.758122042874804836e-02
174,174,5.867867541902302975e-01
225,174,-8.080679301948814897e-02
260,174,-7.901538442243291605e-02
366,174,-7.848001247343616704e-02
15,175,-7.647327088578909082e-02
34,175,-4.857724067152691116e-02
83,175,-5.558672630367922363e-02
128,175,-6.031691803314712108e-02
164,175,-7.920187883199050760e-02
175,175,5.000000000000000000e-01
304,175,-9.026650531058622029e-02
327,175,-6.971186657664313335e-02
26,176,-4.543623523716635443e-02
40,176,-6.587829007291463868e-02
55,176,-9.108734950970079347e-02
138,176,-6.140978328983757312e-02
176,176,5.000000000000000000e-01
182,176,-6.755088428151453939e-02
184,176,-6.502975684066489293e-02
294,176,-8.817078405454227552e-02
9,177,-5.528004240277999831e-02
39,177,-5.790585783116482255e-02
89,177,-5.588166634879242201e-02
177,177,5.000000000000000000e-01
186,177,-6.020262317495611581e-02
292,177,-7.212095713882395176e-02
352,177,-8.296654064779168669e-02
357,177,-9.155552116161250198e-02
39,178,-1.100965640375386051e-01
108,178,-9.102023864586557267e-02
178,178,6.265472920702656046e-01
207,178,-1.157917929655906397e-01
6,179,-7.611573984449943042e-02
37,179,-7.016042029399939539e-02
53,179,-9.381125383120610117e-02
118,179,-9.923635160947941181e-02
179,179,5.000000000000000000e-01
259,179,-8.213703268114994072e-02
319,179,-7.349310459896865599e-02
6,180,-9.913923219844641976e-02
36,180,-6.896890345189268801e-02
118,180,-6.213357937981012907e-02
163,180,-8.894209813253915742e-02
180,180,5.000000000000000000e-01
203,180,-7.612060520849740775e-02
354,180,-9.937333185184962780e-02
16,181,-9.023335861834747007e-02
36,181,-4.583222420387429025e-02
113,181,-1.012950291470971625e-01
145,181,-6.310632984316151550e-02
181,181,5.000000000000000000e-01
256,181,-7.268778337493821129e-02
354,181,-1.215525085508531028e-01
7,182,-7.827864661973711613e-02
40,182,-7.847400041670769821e-02
116,182,-7.048757201704408670e-02
144,182,-9.092468387802507546e-02
176,182,-6.941036045741474925e-02
182,182,5.000000000000000000e-01
294,182,-1.073535280847697365e-01
66,183,-8.411663552038708969e-02
126,183,-6.214402630439311986e-02
183,183,6.146636447797527714e-01
282,183,-8.206949614922601222e-02
284,183,-1.075276101745195889e-01
26,184,-1.095852498544973991e-01
55,184,-7.655874988279424975e-02
115,184,-7.023058547363034143e-02
176,184,-6.754640577139583990e-02
184,184,4.999999999999999445e-01
281,184,-6.896910472866672748e-02
361,184,-1.098590177561639958e-01
2,185,-8.574346916176303623e-02
43,185,-6.382627553117653507e-02
88,185,-7.070862797245848486e-02
185,185,5.000000000000000000e-01
204,185,-5.197379561575315304e-02
230,185,-3.908203807613298136e-02
276,185,-7.129009367689125021e-02
359,185,-9.160203263295366161e-02
9,186,-8.401489207410432758e-02
27,186,-5.831855644426658242e-02
94,186,-8.606219768398087888e-02
127,186,-9.852404590126924433e-02
177,186,-6.241434613237936690e-02
186,186,5.000000000000000000e-01
352,186,-9.529571058187524812e-02
83,187,-1.151958134200372352e-01
135,187,-8.106457606717987208e-02
187,187,6.338802577130402405e-01
304,187,-1.221737371479586776e-01
21,188,-6.404928947985492893e-02
42,188,-9.897141494989541988e-02
88,188,-7.702591154080180857e-02
163,188,-6.772195436342605401e-02
188,188,5.000000000000000000e-01
236,188,-8.024164443811630798e-02
359,188,-1.029660344064026456e-01
23,189,-9.634277615407893514e-02
42,189,-7.639217825555254249e-02
91,189,-9.363101640365392719e-02
189,189,5.000000000000000000e-01
190,189,-5.183488293308805006e-02
203,189,-4.362419596351248263e-02
223,189,-2.727749614259591254e-02
277,189,-9.935373394911162226e-02
23,190,-1.029962707625493024e-01
35,190,-6.111193352691609432e-02
80,190,-9.749285317156547448e-02
91,190,-1.170972561256618943e-01
189,190,-5.275881566924962851e-02
190,190,5.000000000000000000e-01
363,190,-7.056659701776547833e-02
12,191,-7.158780712344157970e-02
47,191,-9.852639349034497673e-02
109,191,-9.769933271465987279e-02
171,191,-1.299952070712757091e-01
191,191,4.999999999999999445e-01
213,191,-1.292952354205885168e-01
3,192,-1.344918905267279974e-01
48,192,-8.718318140760644708e-02
80,192,-9.653206020138060950e-02
147,192,-5.346869748911781822e-02
173,192,-4.861519611327140555e-02
192,192,5.000000000000000000e-01
305,192,-8.559595551886903242e-02
47,193,-1.210728935860765632e-01
109,193,-8.407063444814694142e-02
193,193,6.299779620599583740e-01
215,193,-1.378561420117415670e-01
49,194,-1.146895134743656647e-01
109,194,-1.732186695560856693e-01
194,194,5.582685654689841792e-01
328,194,-1.994799793016178435e-01
47,195,-8.664134796524676496e-02
162,195,-1.201225052853156783e-01
195,195,6.152185617401694229e-01
215,195,-1.548996165079091214e-01
18,196,-4.761776020864906533e-02
70,196,-4.714081044088124645e-02
77,196,-6.605260612769760231e-02
151,196,-1.018966721165901756e-01
196,196,5.000000000000000000e-01
254,196,-6.926714373927708723e-02
303,196,-6.902184191802671065e-02
358,196,-1.050618078302123226e-01
56,197,-8.067849819594730132e-02
89,197,-7.388998355700183984e-02
104,197,-6.710060977929580006e-02
197,197,5.000000000000000000e-01
268,197,-9.110085430873987589e-02
317,197,-8.607644644628843766e-02
357,197,-9.473572996268697644e-02
8,198,-9.729126892778947044e-02
44,198,-1.093713174875007577e-01
102,198,-3.786855207993786859e-02
124,198,-8.350471776948882596e-02
198,198,5.000000000000000000e-01
245,198,-4.175363607943206185e-02
333,198,-7.780608071548197890e-02
344,198,-3.489179958957944888e-02
24,199,-1.020236113927735916e-01
48,199,-6.838509147613167083e-02
97,199,-9.012969494321788899e-02
106,199,-4.877588894968856725e-02
199,199,5.000000000000000000e-01
291,199,-1.277291860679228008e-01
305,199,-7.029279615345578047e-02
20,200,-1.011478230701088749e-01
44,200,-9.948822818705094218e-02
100,200,-6.822262536914011632e-02
102,200,-4.526656771508298649e-02
200,200,5.000000000000000000e-01
201,200,-5.632693250586486705e-02
214,200,-6.061884942076731231e-02
226,200,-4.560997556294745653e-02
4,201,-5.635871520234411736e-02
44,201,-1.082920639235458588e-01
100,201,-1.034226725896838228e-01
200,201,-5.776843260263158503e-02
201,201,5.000000000000000000e-01
343,201,-1.057309240528248873e-01
344,201,-5.736921883154507545e-02
46,202,-1.167644525466144945e-01
108,202,-1.696108503625121389e-01
202,202,5.619954139031847484e-01
265,202,-1.842291179654190203e-01
6,203,-6.500582641839637577e-02
42,203,-8.603942224535986172e-02
91,203,-9.139590380295121996e-02
163,203,-6.069064517916238077e-02
180,203,-7.391166194264915668e-02
189,203,-4.232573949542501462e-02
203,203,5.000000000000000000e-01
224,203,-5.983255721503961955e-02
21,204,-7.290485772729779490e-02
43,204,-1.072945241074932388e-01
107,204,-6.819873028813346061e-02
185,204,-5.357784880499250751e-02
204,204,5.000000000000000000e-01
306,204,-8.099434921803533305e-02
359,204,-1.116907228867916463e-01
8,205,-6.871884505677011701e-02
43,205,-6.970552816327824086e-02
99,205,-7.702705675107723859e-02
107,205,-6.534230066747223620e-02
205,205,5.000000000000000000e-01
206,205,-6.451979880287465885e-02
241,205,-6.394597724217382373e-02
245,205,-5.864633813252594779e-02
8,206,-1.349757218806344472e-01
45,206,-9.776165220872611028e-02
102,206,-9.453116050923415781e-02
107,206,-1.287954952642737516e-01
205,206,-7.216151590068629884e-02
206,206,5.000000000000000000e-01
39,207,-7.375153568690585859e-02
77,207,-6.249301524962854598e-02
178,207,-1.349317674307286274e-01
207,207,5.232801815246386212e-01
292,207,-8.400736630331284704e-02
355,207,-1.553936632382660332e-01
14,208,-1.024569994173358950e-01
85,208,-6.940862587942794870e-02
86,208,-1.079880470641551016e-01
142,208,-6.274566420836974467e-02
166,208,-8.169683944934377773e-02
208,208,5.000000000000000000e-01
290,208,-8.738965483730966322e-02
51,209,-1.238266061570892362e-01
86,209,-6.805713558154517784e-02
142,209,-3.512910081997384221e-02
209,209,5.878832269904762375e-01
240,209,-7.341885923019278448e-02
364,209,-7.016061121641604947e-02
51,210,-9.236568207108024342e-02
130,210,-7.054889357988135268e-02
210,210,6.065834552580519068e-01
240,210,-1.079932469163497749e-01
244,210,-8.334995110126462714e-02
13,211,-1.020622519405568057e-01
57,211,-8.040635424595433955e-02
123,211,-8.413361866700533320e-02
211,211,5.000000000000000000e-01
299,211,-9.251391261738203808e-02
324,211,-5.997640360499841006e-02
345,211,-7.603923789576898240e-02
14,212,-7.721755786052723891e-02
57,212,-1.061176295943606213e-01
85,212,-8.675331190389225233e-02
123,212,-5.476038183882245280e-02
169,212,-8.453282262096424582e-02
212,212,4.999999999999998890e-01
313,212,-9.994292094926264525e-02
12,213,-5.294875524396210759e-02
49,213,-1.058183565033712081e-01
109,213,-4.979778061969285241e-02
150,213,-6.389906703785580566e-02
191,213,-1.262721622368693786e-01
213,213,5.000000000000000000e-01
251,213,-1.032668076717438016e-01
20,214,-8.586938509727093383e-02
45,214,-7.778873705768873936e-02
102,214,-1.040679276717567381e-01
117,214,-7.541870264105822452e-02
200,214,-6.283375091920212485e-02
214,214,4.999999999999998890e-01
297,214,-9.684096749784011637e-02
47,215,-3.145416687003067119e-02
193,215,-1.290905987151791390e-01
195,215,-1.430725191556408982e-01
215,215,6.671056415081588753e-01
121,216,-1.235810502350026679e-01
135,216,-9.853717234882584941e-02
216,216,7.384019508513522956e-01
74,217,-8.364380764669900048e-02
140,217,-4.736464782582244792e-02
217,217,6.133223818959694373e-01
246,217,-1.067978459051303897e-01
350,217,-1.135159030257138768e-01
27,218,-1.262768685776650412e-01
46,218,-1.160406529329911368e-01
94,218,-1.522102706168173281e-01
141,218,-1.509076950917843107e-01
218,218,5.000000000000000000e-01
1,219,-9.143848205506774351e-02
45,219,-1.092650529443546376e-01
117,219,-1.110062136848695702e-01
139,219,-9.499601222727119265e-02
219,219,5.000000000000000000e-01
278,219,-1.228564798698013744e-01
82,220,-7.860413210549260787e-02
83,220,-1.032255759580188170e-01
220,220,5.984272242246888585e-01
327,220,-7.780901216815734600e-02
367,220,-9.475165364189887252e-02
16,221,-9.514723735716477948e-02
49,221,-9.909873100615007591e-02
129,221,-1.053164376575755207e-01
150,221,-1.090637040202259433e-01
221,221,5.000000000000000000e-01
296,221,-1.110254186066844673e-01
17,222,-9.991656962755246507e-02
64,222,-5.771188906600098478e-02
67,222,-5.071480325381481219e-02
152,222,-8.242760058710113524e-02
156,222,-5.747792312426372452e-02
222,222,5.000000000000000000e-01
308,222,-7.307800524719205992e-02
309,222,-5.987423436324176840e-02
23,223,-1.025036075634908755e-01
60,223,-6.579861336251925652e-02
81,223,-7.554787854890017418e-02
189,223,-2.701983588484067195e-02
223,223,5.000000000000001110e-01
277,223,-1.019853737392471954e-01
337,223,-5.262747614460704104e-02
338,223,-5.604172985571414384e-02
6,224,-9.525366075886808337e-02
35,224,-5.247198132789980540e-02
91,224,-1.180639680757158000e-01
105,224,-1.042674697835661163e-01
203,224,-6.262177085145846644e-02
224,224,5.000000000000000000e-01
319,224,-6.826572427685763389e-02
17,225,-1.092955809296765474e-01
90,225,-7.680245443121945514e-02
96,225,-9.826226814603443438e-02
156,225,-5.765384279470109341e-02
174,225,-9.860561749710176904e-02
225,225,5.000000000000000000e-01
340,225,-7.270977586546029103e-02
20,226,-1.052958551399826720e-01
38,226,-4.008150381778535776e-02
100,226,-5.423387110649715431e-02
136,226,-5.187437915538782585e-02
200,226,-4.715856593486830034e-02
226,226,5.000000000000000000e-01
269,226,-7.716324775814296932e-02
347,226,-1.080500186829021630e-01
18,227,-8.646183491458125925e-02
56,227,-8.016795949941407651e-02
62,227,-7.298168808291105591e-02
137,227,-7.942887733774475767e-02
227,227,4.999999999999998890e-01
228,227,-8.892289953291222793e-02
317,227,-7.667844504901501212e-02
5,228,-5.092017190741456728e-02
56,228,-8.620591731305424221e-02
62,228,-4.605899138420389838e-02
165,228,-8.938378563317288250e-02
227,228,-9.383570015536450704e-02
228,228,5.000000000000000000e-01
243,228,-1.364886053155030254e-01
73,229,-7.324158225169688508e-02
160,229,-7.464295311157714830e-02
229,229,5.881704542359479371e-01
323,229,-8.887370273859397651e-02
325,229,-1.486768848384020791e-01
2,230,-1.249870658204392526e-01
36,230,-2.661744981029035353e-02
88,230,-5.234256582643088268e-02
113,230,-1.138426738249936482e-01
185,230,-4.209266713800904891e-02
230,230,5.000000000000000000e-01
257,230,-2.441781266261769390e-02
360,230,-1.111428733878498526e-01
5,231,-1.001700494085828730e-01
50,231,-1.037853438419264057e-01
103,231,-1.052735617555743131e-01
114,231,-1.051863665320948577e-01
231,231,4.999999999999998890e-01
233,231,-1.041704013012832442e-01
19,232,-7.813134753732013660e-02
50,232,-8.888548792825189115e-02
132,232,-1.037511891757325333e-01
232,232,5.000000000000001110e-01
315,232,-1.267891262906035710e-01
318,232,-1.183524033021723376e-01
26,233,-7.634591563070225462e-02
50,233,-6.927872414790726963e-02
114,233,-7.299917287211708794e-02
116,233,-8.255242202130552709e-02
231,233,-9.999900776036431405e-02
233,233,5.000000000000000000e-01
294,233,-8.917150838838283633e-02
22,234,-6.869260817644072536e-02
46,234,-7.745595591933598922e-02
111,234,-9.294948451755566388e-02
141,234,-8.055999059693084996e-02
234,234,5.000000000000001110e-01
265,234,-9.197247630976164434e-02
314,234,-8.922795956202081435e-02
55,235,-6.253448181909862513e-02
82,235,-4.960763964933358888e-02
235,235,5.282344621933956486e-01
263,235,-1.319739122815103416e-01
361,235,-1.033826346218904291e-01
367,235,-1.483948944127943814e-01
21,236,-1.084978582406325165e-01
42,236,-6.077103976501274651e-02
60,236,-8.563564182687108395e-02
139,236,-5.805032573403597768e-02
188,236,-8.026208475441079515e-02
236,236,4.999999999999999445e-01
277,236,-1.024230162423457463e-01
11,237,-9.562170347465223652e-02
59,237,-9.344645723552068295e-02
79,237,-6.762516937383118709e-02
146,237,-6.322919916442136523e-02
237,237,5.000000000000000000e-01
252,237,-8.674307824925113486e-02
312,237,-8.636332155325197879e-02
96,238,-6.642202720999051957e-02
130,238,-1.340228812380327150e-01
238,238,5.390604071008621156e-01
365,238,-1.134322669225153457e-01
366,238,-1.811978660268299124e-01
54,239,-1.010488252630502987e-01
154,239,-1.298046039744825408e-01
239,239,6.242487262218708866e-01
264,239,-1.121705369409189690e-01
51,240,-8.541230939514533882e-02
209,240,-6.349388448673765062e-02
210,240,-9.628833649004893414e-02
240,240,6.967662361700294182e-01
43,241,-9.719224390390769630e-02
98,241,-5.050049967584353816e-02
99,241,-7.904518213310759989e-02
205,241,-6.717018769535243461e-02
241,241,4.999999999999998890e-01
276,241,-9.502267799887512134e-02
326,241,-1.161472472163540826e-01
10,242,-6.340575824033868602e-02
69,242,-6.123689210910518432e-02
110,242,-7.834994859204851003e-02
161,242,-9.341369397572615862e-02
242,242,5.000000000000000000e-01
285,242,-9.255056573741986259e-02
332,242,-1.106042060538645205e-01
5,243,-1.293150073352363760e-01
62,243,-1.287501563703035423e-01
87,243,-1.488835462546536093e-01
228,243,-1.499078654237908925e-01
243,243,5.000000000000000000e-01
29,244,-1.173983277182129303e-01
51,244,-1.301501960304400352e-01
130,244,-1.172031053029524705e-01
142,244,-8.019177874581977228e-02
210,244,-1.055925716302926198e-01
244,244,5.000000000000000000e-01
8,245,-1.168846067908501651e-01
52,245,-6.188644685686903874e-02
99,245,-9.986016736104384728e-02
198,245,-4.271115260271683700e-02
205,245,-6.256986427954626395e-02
245,245,5.000000000000000000e-01
333,245,-1.204070862156839394e-01
74,246,-6.015019322209926717e-02
217,246,-9.494029349162387554e-02
246,246,6.862296155714203705e-01
250,246,-1.132807831071187682e-01
19,247,-7.805306682032511767e-02
68,247,-1.125091714444402674e-01
149,247,-7.913430349063814429e-02
247,247,4.999999999999999445e-01
248,247,-1.112191209625891519e-01
353,247,-1.364916171196706995e-01
19,248,-6.025683948588860667e-02
58,248,-1.040465153371451373e-01
68,248,-7.619862347997580221e-02
136,248,-6.496865721451954012e-02
247,248,-1.061547201527209827e-01
248,248,5.000000000000000000e-01
318,248,-8.241924883424397996e-02
25,249,-1.019959273701814551e-01
54,249,-9.793280474642526712e-02
93,249,-5.931306605895044631e-02
146,249,-6.037073981941267625e-02
154,249,-1.025454344740262813e-01
249,249,5.000000000000001110e-01
272,249,-8.448655409496083624e-02
74,250,-1.219743940616352523e-01
246,250,-1.254111235270806424e-01
250,250,6.324656552867210513e-01
279,250,-9.894813634074189901e-02
12,251,-1.077318560290885241e-01
65,251,-1.128818365861138512e-01
150,251,-9.485593695565096295e-02
213,251,-1.044608087053713191e-01
251,251,5.000000000000001110e-01
255,251,-9.031418686993618328e-02
3,252,-9.847572715211430627e-02
59,252,-8.822342348743875129e-02
79,252,-7.611706792478871442e-02
173,252,-6.983694024057611471e-02
237,252,-8.792090548394057570e-02
252,252,5.000000000000001110e-01
310,252,-7.123030087929475840e-02
22,253,-5.742223784263899428e-02
32,253,-1.520622389627017401e-02
75,253,-4.853596478373196216e-02
112,253,-1.075364625606757274e-01
253,253,5.000000000000001110e-01
311,253,-5.863000164034207207e-02
314,253,-7.362969420167463086e-02
356,253,-1.075620327127318060e-01
18,254,-8.295074902727950228e-02
77,254,-9.914934619060503107e-02
89,254,-8.293463287338481704e-02
196,254,-6.837966962401209603e-02
254,254,5.000000000000000000e-01
292,254,-7.281517718516153370e-02
317,254,-8.523900518731153397e-02
12,255,-5.529508500283959044e-02
65,255,-1.099270805983803140e-01
71,255,-9.100949012353252987e-02
133,255,-1.007026821403466388e-01
251,255,-8.883163172820475462e-02
255,255,5.000000000000000000e-01
257,255,-5.727769381584824071e-02
16,256,-9.273028267158520133e-02
65,256,-1.382125800717678987e-01
113,256,-1.078627185750170997e-01
150,256,-5.056754847660403090e-02
181,256,-7.453587238411701898e-02
256,256,5.000000000000000000e-01
257,256,-4.181554085673849785e-02
2,257,-7.020123421598464808e-02
65,257,-7.222575316837419324e-02
71,257,-4.147656553283123743e-02
113,257,-8.800460587571866389e-02
230,257,-2.251252270539487801e-02
255,257,-5.424536117362915161e-02
256,257,-3.918384050115744643e-02
257,257,5.000000000000001110e-01
300,257,-7.552051583420955894e-02
25,258,-1.280911059512670203e-01
53,258,-9.346699019247355078e-02
93,258,-3.424908792127265983e-02
105,258,-8.379598723348508083e-02
170,258,-3.163694403061433763e-02
258,258,5.000000000000000000e-01
287,258,-6.789515566436513105e-02
319,258,-5.068368536897242815e-02
37,259,-5.828305306453576001e-02
53,259,-1.007140123153001943e-01
95,259,-6.412298815729212953e-02
179,259,-8.350964200313498731e-02
259,259,5.000000000000001110e-01
287,259,-7.039387234251395786e-02
342,259,-1.191434816831609955e-01
90,260,-1.411900425972538453e-01
143,260,-1.000730852446623104e-01
174,260,-7.920394794915272541e-02
260,260,6.421270580637159497e-01
40,261,-9.733700395968443442e-02
120,261,-8.524530608780329921e-02
138,261,-1.390569254182980607e-01
261,261,5.341791306494628744e-01
334,261,-1.911708963673879602e-01
61,262,-9.696796522813988517e-02
119,262,-9.597976014458771410e-02
262,262,5.357340546639007828e-01
264,262,-1.137230324437347312e-01
279,262,-1.077960714786548729e-01
329,262,-5.008523388910565699e-02
55,263,-1.100221975869539598e-01
138,263,-9.846475125515020965e-02
235,263,-1.140618609412041434e-01
263,263,6.270446407530275712e-01
54,264,-4.095046277564962783e-02
119,264,-1.120629500318141569e-01
239,264,-1.180306942502272749e-01
262,264,-1.035537172225987346e-01
264,264,5.935422278866956391e-01
46,265,-6.049198747331089449e-02
111,265,-7.850213996560398422e-02
202,265,-1.643170058407301404e-01
234,265,-8.541038793871544299e-02
265,265,5.845727415584873743e-01
31,266,-1.072857731893898797e-01
69,266,-1.011420737480288878e-01
126,266,-6.388089320469915455e-02
131,266,-5.336049039284030543e-02
266,266,5.000000000000001110e-01
331,266,-8.613664820693409108e-02
332,266,-9.261433893490265967e-02
30,267,-1.411410112950562679e-01
62,267,-1.089080682792305244e-01
128,267,-8.329614312425004385e-02
137,267,-1.116974649325220975e-01
267,267,5.000000000000001110e-01
301,267,-7.773105648057306027e-02
33,268,-7.875975810419949541e-02
56,268,-8.472810601032980393e-02
104,268,-6.544316023148401273e-02
165,268,-8.023041953375138757e-02
197,268,-9.102184082664525888e-02
268,268,5.000000000000000000e-01
288,268,-9.130452544191408615e-02
38,269,-1.000309566358144608e-01
58,269,-1.096964583071208671e-01
136,269,-6.471090245809793529e-02
168,269,-6.720052135587695208e-02
226,269,-7.628792361597097615e-02
269,269,5.000000000000000000e-01
270,269,-7.736294796893927739e-02
7,270,-7.760786785335753446e-02
58,270,-9.269827793469198607e-02
132,270,-9.553905625437825178e-02
168,270,-8.981183088449791463e-02
269,270,-7.688401854649078160e-02
270,270,5.000000000000000000e-01
318,270,-6.643554351737585018e-02
24,271,-6.874727929859689168e-02
81,271,-1.106439899297845253e-01
97,271,-8.910692952696107338e-02
148,271,-5.274749348161222873e-02
271,271,5.000000000000001110e-01
295,271,-1.073669814033909042e-01
338,271,-6.769393613243744612e-02
25,272,-1.232420174962119558e-01
59,272,-1.148800147198958815e-01
146,272,-1.042606857085402322e-01
170,272,-8.433214813784829789e-02
249,272,-8.766379030195453614e-02
272,272,5.000000000000000000e-01
93,273,-1.168846595794161558e-01
95,273,-1.250817083603853741e-01
273,273,6.185139566464371574e-01
287,273,-8.362884535914320849e-02
41,274,-1.127998313924227364e-01
52,274,-1.065457696067430571e-01
155,274,-1.069731260502810727e-01
161,274,-9.452243762020923201e-02
172,274,-1.003037760636805720e-01
274,274,5.000000000000000000e-01
27,275,-1.020212163829088692e-01
48,275,-1.024853288338014728e-01
127,275,-1.033928569963120936e-01
147,275,-1.095877313518852647e-01
275,275,5.000000000000001110e-01
291,275,-9.854580896481304753e-02
2,276,-8.665022008000912435e-02
43,276,-8.368880086445568134e-02
98,276,-6.838344737420112840e-02
185,276,-7.252568298336087294e-02
241,276,-9.375084102544879727e-02
276,276,4.999999999999999445e-01
300,276,-8.429358668568266710e-02
42,277,-1.021958450070440949e-01
60,277,-9.972922719666489633e-02
189,277,-1.031459182627299104e-01
223,277,-1.068876529598052905e-01
236,277,-1.058496710016878506e-01
277,277,5.000000000000000000e-01
1,278,-8.660876023238255061e-02
60,278,-1.118696292695318117e-01
139,278,-8.430102840410870491e-02
219,278,-1.195013232959201838e-01
278,278,5.000000000000000000e-01
337,278,-1.044232538679657901e-01
61,279,-8.381289214874650118e-02
74,279,-5.921262755535030425e-02
250,279,-1.048583842305599867e-01
262,279,-9.747391556246326472e-02
279,279,5.708425286423113310e-01
280,279,-4.471494660108422947e-02
32,280,-5.664617554215780476e-02
61,280,-1.270370610354589203e-01
74,280,-8.770914881490017578e-02
153,280,-7.592554266977742661e-02
279,280,-5.275353814555237136e-02
280,280,5.000000000000000000e-01
350,280,-1.085491752138632998e-01
15,281,-7.779130852759694181e-02
82,281,-7.984725158405173162e-02
115,281,-9.458733695152907184e-02
184,281,-6.793299222522262981e-02
281,281,5.000000000000000000e-01
327,281,-8.510078371845070100e-02
361,281,-9.143637952138290725e-02
66,282,-1.088449975512946616e-01
162,282,-1.363139778824629944e-01
183,282,-8.470054702392787460e-02
282,282,6.323279361460598658e-01
12,283,-1.155226648486300106e-01
66,283,-1.057020583807206510e-01
133,283,-9.455505228717531185e-02
171,283,-9.326916325454379098e-02
283,283,5.000000000000000000e-01
284,283,-1.059467941684704428e-01
31,284,-1.312649624936921555e-01
66,284,-5.886211077640363110e-02
126,284,-5.963458249833892416e-02
133,284,-4.958935316748071254e-02
183,284,-1.357021843890368062e-01
283,284,-1.061711000025232915e-01
284,284,5.000000000000000000e-01
69,285,-6.744341624318593575e-02
110,285,-6.461973607441706680e-02
242,285,-8.854053288828174495e-02
285,285,5.280508430235801853e-01
286,285,-1.313079483115739132e-01
341,285,-1.398183673695949092e-01
69,286,-1.261544381866189779e-01
126,286,-8.573049055238142480e-02
285,286,-1.163768319308207955e-01
286,286,6.312159745560367297e-01
53,287,-1.041233152814705770e-01
93,287,-8.777013360020960442e-02
95,287,-8.258488457957152695e-02
258,287,-6.735099881149836376e-02
259,287,-6.972415550559915576e-02
273,287,-9.778072903699734642e-02
287,287,5.000000000000001110e-01
33,288,-9.770147419544257528e-02
104,288,-1.229931493319621066e-01
106,288,-9.060490087670707016e-02
158,288,-1.186445980418589508e-01
268,288,-9.707754059119966250e-02
288,288,5.000000000000001110e-01
13,289,-1.242888803354133404e-01
52,289,-6.714530703131688094e-02
124,289,-9.534464400680268958e-02
172,289,-7.577731897568007469e-02
289,289,5.000000000000000000e-01
333,289,-9.843955301407299185e-02
345,289,-4.316039080894188557e-02
85,290,-1.289116789704517207e-01
86,290,-6.194368622891614079e-02
208,290,-7.515272018548235788e-02
290,290,6.032103303969218455e-01
364,290,-9.117596789186875605e-02
48,291,-8.325289366966437399e-02
106,291,-8.775303063742626031e-02
127,291,-1.176515484581353299e-01
199,291,-1.326959498543688609e-01
275,291,-9.947567222863744341e-02
291,291,5.000000000000001110e-01
39,292,-8.438252855992735280e-02
77,292,-8.414226037639450928e-02
89,292,-9.759938678843417537e-02
177,292,-7.339852841970352648e-02
207,292,-8.509378600061018316e-02
254,292,-7.284802517309021952e-02
292,292,5.000000000000000000e-01
11,293,-1.034575931694766276e-01
54,293,-8.935778571225025391e-02
119,293,-1.236819814991903244e-01
146,293,-1.147403289743177401e-01
293,293,5.000000000000000000e-01
329,293,-9.102784163689971175e-02
26,294,-1.180541165525565567e-01
116,294,-1.038589816883649930e-01
176,294,-9.382637539836755081e-02
182,294,-1.111791366475058662e-01
233,294,-9.303824959544369777e-02
294,294,5.000000000000001110e-01
24,295,-1.076174306970710676e-01
63,295,-1.189570341697373107e-01
148,295,-8.934606232225894562e-02
158,295,-9.025790751292753211e-02
271,295,-1.109445193456886775e-01
295,295,5.000000000000000000e-01
16,296,-9.069914796732954365e-02
78,296,-9.724538402101089163e-02
129,296,-4.681877810805655515e-02
145,296,-5.826273685361353649e-02
221,296,-1.093926113042252984e-01
296,296,5.000000000000001110e-01
320,296,-9.131467997929934577e-02
20,297,-1.220091516400863413e-01
68,297,-1.279958320024622842e-01
117,297,-9.023956845528806336e-02
136,297,-7.631993488000343717e-02
214,297,-9.992617852188702410e-02
297,297,4.999999999999998890e-01
14,298,-9.754141772025026746e-02
64,298,-1.249329378592815148e-01
84,298,-7.913516138400940314e-02
166,298,-9.434604139179650351e-02
298,298,4.999999999999998890e-01
313,298,-1.298583064084771199e-01
57,299,-1.182331059650706673e-01
73,299,-1.210671248646109921e-01
157,299,-9.041861996753539077e-02
211,299,-9.568392881260091853e-02
299,299,4.999999999999998890e-01
324,299,-9.476690186304788377e-02
2,300,-1.324180107218038971e-01
71,300,-1.207478953557241247e-01
98,300,-1.008006467396736355e-01
257,300,-8.266827687807445924e-02
276,300,-9.006425835329640028e-02
300,300,5.000000000000000000e-01
30,301,-6.503763541332432951e-02
70,301,-7.773627028255583604e-02
122,301,-4.510937548234707217e-02
137,301,-4.708166597724332963e-02
267,301,-7.097108486151797180e-02
301,301,5.000000000000001110e-01
302,301,-8.699149459963782804e-02
330,301,-8.191444579726643582e-02
70,302,-9.120607151542686752e-02
122,302,-1.569894614887401840e-01
301,302,-8.782699497390483723e-02
302,302,5.392299292792152032e-01
303,302,-1.513625451740173156e-01
70,303,-7.829675056320385684e-02
151,303,-1.009464288333807858e-01
196,303,-6.059087450893056032e-02
302,303,-1.347176606573236568e-01
303,303,5.899028940794200926e-01
34,304,-1.223547850856137736e-01
83,304,-1.005089698863857600e-01
135,304,-9.572563963786284713e-02
175,304,-9.795771766110025758e-02
187,304,-1.522555840009320871e-01
304,304,4.999999999999998890e-01
48,305,-9.292736439246385149e-02
80,305,-6.984075952798800280e-02
97,305,-8.521210158272085611e-02
192,305,-8.238138408669752610e-02
199,305,-6.761652982672140821e-02
305,305,5.000000000000000000e-01
363,305,-9.401677493503236838e-02
21,306,-1.014805341078017925e-01
45,306,-8.478009572759889756e-02
107,306,-1.294495183218008494e-01
139,306,-1.223639261594978572e-01
204,306,-8.498120686339083463e-02
306,306,4.999999999999999445e-01
38,307,-1.005909943716273985e-01
67,307,-8.519135644599402923e-02
76,307,-1.037832276916085955e-01
167,307,-6.973319770229674530e-02
168,307,-5.759984126404755350e-02
307,307,4.999999999999998890e-01
349,307,-7.186550925190127170e-02
4,308,-8.984929229359697733e-02
67,308,-1.233205433123528566e-01
152,308,-1.256194664500705771e-01
167,308,-9.882404985902007444e-02
222,308,-7.740847206872823738e-02
308,308,5.000000000000001110e-01
17,309,-1.054023423167606138e-01
67,309,-1.005392975384509502e-01
125,309,-8.766760987859407994e-02
222,309,-6.064155154906579470e-02
309,309,5.000000000000000000e-01
340,309,-6.714802055191322616e-02
349,309,-7.074442795686480823e-02
3,310,-1.287881576808496409e-01
79,310,-1.192887094897670808e-01
101,310,-9.863509818329871393e-02
147,310,-9.042849617707546250e-02
252,310,-7.500561917894256470e-02
310,310,5.000000000000000000e-01
22,311,-5.435089658966781034e-02
79,311,-9.464502721173176369e-02
101,311,-2.821818114174584960e-02
112,311,-8.172648880921985770e-02
253,311,-5.844363896736260583e-02
311,311,5.000000000000000000e-01
312,311,-5.236663314146729198e-02
351,311,-1.066768240618772012e-01
11,312,-8.378630018729495144e-02
79,312,-9.105213799811337494e-02
112,312,-1.226439816565308566e-01
153,312,-6.191211931976764449e-02
237,312,-8.766973997093709114e-02
311,312,-5.227427184351960548e-02
312,312,5.000000000000000000e-01
14,313,-8.451743206019156351e-02
84,313,-8.521157673342752426e-02
123,313,-1.159668163899442578e-01
212,313,-1.055704030893810652e-01
298,313,-1.286816382636031542e-01
313,313,5.000000000000000000e-01
22,314,-1.194180598752838662e-01
75,314,-1.109770236847497232e-01
111,314,-1.188117781616026269e-01
234,314,-9.383251560003418035e-02
253,314,-7.633856895492802108e-02
314,314,4.999999999999998890e-01
19,315,-9.458203032408073196e-02
50,315,-8.561618036877727267e-02
103,315,-1.164080786414714852e-01
159,315,-1.041985375420064891e-01
232,315,-1.287349551435729433e-01
315,315,5.000000000000000000e-01
75,316,-1.519614218344286505e-01
111,316,-8.221420981453633758e-02
140,316,-6.987930542163012237e-02
316,316,6.430938223960293021e-01
18,317,-8.140518201699675771e-02
56,317,-8.643926312368482856e-02
89,317,-7.662980276019774883e-02
197,317,-8.559654098131738720e-02
227,317,-7.627487534443379291e-02
254,317,-8.493162075683254042e-02
317,317,5.000000000000000000e-01
19,318,-5.774208134488304639e-02
58,318,-1.030491920610378948e-01
132,318,-7.066466006931118593e-02
232,318,-1.138941062238791463e-01
248,318,-8.244164127355034510e-02
270,318,-6.697197204954746796e-02
318,318,5.000000000000001110e-01
6,319,-8.520743004765995998e-02
53,319,-1.078844283795495629e-01
105,319,-1.088539152463146309e-01
179,319,-7.418458801249272483e-02
224,319,-6.781549203201137077e-02
258,319,-5.039581983632325513e-02
319,319,4.999999999999998890e-01
37,320,-1.145572139443101767e-01
78,320,-1.056942909678817849e-01
134,320,-1.057679433960999338e-01
145,320,-1.043274772697458108e-01
296,320,-9.333712119493958737e-02
320,320,5.000000000000000000e-01
28,321,-9.761774366065646691e-02
90,321,-9.294307456695793945e-02
125,321,-1.076464007731221112e-01
143,321,-8.352990424387880808e-02
321,321,4.999999999999998890e-01
340,321,-6.491419129919338837e-02
348,321,-6.133658925742593165e-02
7,322,-1.149323915160338355e-01
76,322,-1.350936994351834286e-01
144,322,-1.065874576373042476e-01
168,322,-8.610416049755113821e-02
322,322,4.999999999999999445e-01
348,322,-8.769045200169119092e-02
41,323,-9.792321973432137339e-02
73,323,-7.168951231811014624e-02
160,323,-8.957245508430487779e-02
172,323,-6.909088482992312152e-02
229,323,-9.636826412936637387e-02
323,323,5.000000000000001110e-01
324,323,-9.542991621361467114e-02
13,324,-1.110657964027906841e-01
73,324,-7.101294688187270721e-02
172,324,-6.274179836993282189e-02
211,324,-5.968184604797993620e-02
299,324,-9.117726480543392187e-02
323,324,-9.632402470797370164e-02
324,324,4.999999999999998890e-01
73,325,-1.318257470921207208e-01
157,325,-1.630315986284006646e-01
229,325,-1.654903683997865083e-01
325,325,5.690600380908530376e-01
10,326,-1.087834402751758772e-01
98,326,-9.477460307372591319e-02
99,326,-8.818108861475966453e-02
155,326,-1.099341039572429984e-01
241,326,-1.195830015093916621e-01
326,326,5.000000000000001110e-01
15,327,-9.088730204279843461e-02
82,327,-7.765883169513233819e-02
83,327,-9.991974479316934055e-02
175,327,-7.133472273278743114e-02
220,327,-9.213348618610596452e-02
281,327,-8.471570094065429546e-02
327,327,4.999999999999998890e-01
49,328,-9.232066174127753766e-02
129,328,-8.556518720914466081e-02
194,328,-1.747226885843751187e-01
328,328,6.119128441296098897e-01
11,329,-8.423908069161235856e-02
61,329,-1.214393099609236415e-01
119,329,-8.701242969815249639e-02
153,329,-6.378760689477080970e-02
262,329,-5.289830338134604570e-02
293,329,-8.751607639189021293e-02
329,329,5.000000000000000000e-01
30,330,-1.137373966932322122e-01
92,330,-1.163732733177950951e-01
122,330,-1.346092534009642738e-01
164,330,-9.792798072795373676e-02
301,330,-8.839858857999943753e-02
330,330,5.000000000000000000e-01
31,331,-1.153080223383073921e-01
71,331,-1.062171583406457814e-01
131,331,-1.076981542953993898e-01
133,331,-9.666674814339247523e-02
266,331,-8.853886097564186985e-02
331,331,4.999999999999998890e-01
10,332,-9.242665254368241656e-02
69,332,-9.768253053765123262e-02
131,332,-1.140908058983168966e-01
242,332,-1.147786216023377048e-01
266,332,-9.352269613575982243e-02
332,332,5.000000000000000000e-01
52,333,-9.267246757842444171e-02
124,333,-1.164527783393037308e-01
198,333,-8.148752940879205875e-02
245,333,-1.232771735285518588e-01
289,333,-1.001404299172378304e-01
333,333,5.000000000000000000e-01
120,334,-1.237198555285732582e-01
261,334,-1.628266450079080274e-01
334,334,6.629862247819618970e-01
78,335,-1.208146547717969671e-01
134,335,-7.980638649084165204e-02
335,335,6.221887320250757414e-01
336,335,-1.392115835103323873e-01
78,336,-1.329962424380991270e-01
129,336,-1.570977732848408415e-01
335,336,-1.554125385446057384e-01
336,336,5.727281359508065162e-01
1,337,-7.701763656256685464e-02
60,337,-7.901179512137478100e-02
81,337,-1.297522113582772196e-01
148,337,-6.023299710772783699e-02
223,337,-5.460914872076342436e-02
278,337,-1.029003075556802760e-01
337,337,5.000000000000000000e-01
23,338,-9.895516169261234229e-02
81,338,-1.071841746854367422e-01
97,338,-8.708756599865925818e-02
223,338,-5.670630519785955365e-02
271,338,-6.714643653111929122e-02
338,338,4.999999999999998890e-01
363,338,-7.628421626118131460e-02
28,339,-1.493568793941299488e-01
40,339,-1.480080738384305650e-01
120,339,-1.243564091825014040e-01
144,339,-1.278521154253517422e-01
339,339,5.000000000000000000e-01
17,340,-9.033741165823935826e-02
90,340,-9.244835281525712323e-02
125,340,-1.013884254595718570e-01
225,340,-7.228070308616035833e-02
309,340,-6.686634708986534392e-02
321,340,-6.409991115009228135e-02
340,340,5.000000000000000000e-01
110,341,-1.185646481201338281e-01
160,341,-8.901120029067106920e-02
285,341,-1.228196092789229366e-01
341,341,6.318495856263655064e-01
37,342,-1.013939007107315243e-01
95,342,-7.118801848993860926e-02
134,342,-1.121868595523346362e-01
259,342,-1.247929345164398157e-01
342,342,5.000000000000001110e-01
362,342,-1.510362545006995461e-01
4,343,-1.164694793817826757e-01
72,343,-1.432454559083369550e-01
84,343,-7.826891206890539132e-02
201,343,-1.116097424541994676e-01
343,343,5.000000000000000000e-01
344,343,-7.457837395584157592e-02
44,344,-8.815708695982221732e-02
72,344,-7.270612505588237851e-02
124,344,-1.127508143510610877e-01
198,344,-3.439487182715093155e-02
201,344,-5.605616526518159698e-02
343,344,-6.903308478002699589e-02
344,344,5.000000000000001110e-01
345,344,-4.185788862128458909e-02
13,345,-8.434329429526271626e-02
72,345,-1.006920759078559491e-01
123,345,-4.343817352183329539e-02
124,345,-9.194704553334372144e-02
211,345,-7.457703708131928344e-02
289,345,-4.146250150292186271e-02
344,345,-4.199667589566431075e-02
345,345,5.000000000000000000e-01
29,346,-9.625840366064804254e-02
64,346,-1.004362340648505131e-01
156,346,-1.043694399768913539e-01
166,346,-1.093630853752191046e-01
346,346,5.000000000000000000e-01
365,346,-1.061062483900156034e-01
38,347,-1.540285219038846076e-01
100,347,-1.521140949671499487e-01
167,347,-1.216370748225928111e-01
226,347,-1.214023115210364767e-01
347,347,4.999999999999999445e-01
28,348,-7.680750514397249873e-02
76,348,-7.249950457313168728e-02
125,348,-8.754957506564017833e-02
144,348,-5.061117924697997039e-02
321,348,-5.944142397052467469e-02
322,348,-8.041488610565257489e-02
348,348,5.000000000000000000e-01
349,348,-4.345974590191873516e-02
67,349,-7.951027502387363055e-02
76,349,-1.119731112216185015e-01
125,349,-1.157479888230718706e-01
307,349,-7.261542022267490626e-02
309,349,-7.155317306091223128e-02
348,349,-4.497774228681319930e-02
349,349,4.999999999999998890e-01
32,350,-1.001913019264930177e-01
74,350,-8.730982869931615264e-02
140,350,-1.111494350648288693e-01
217,350,-1.416315535398554870e-01
280,350,-1.100696351243213578e-01
350,350,5.000000000000000000e-01
22,351,-1.577270298511836144e-01
101,351,-1.523115620429483785e-01
141,351,-1.148924144229796773e-01
311,351,-1.224986597221586343e-01
351,351,5.000000000000000000e-01
39,352,-1.314762596387518967e-01
94,352,-1.140436661174597521e-01
108,352,-8.218305542902419603e-02
177,352,-8.989737402816175282e-02
186,352,-9.959748369159258929e-02
352,352,5.000000000000000000e-01
19,353,-9.290095749114897494e-02
63,353,-1.237419751193497147e-01
149,353,-7.380893080445284637e-02
159,353,-9.751393029667572432e-02
247,353,-1.380336115428091315e-01
353,353,5.000000000000001110e-01
36,354,-8.689451868327301154e-02
118,354,-1.160210285737063307e-01
145,354,-8.597155000838244132e-02
180,354,-1.035333763909078719e-01
181,354,-1.248509456401312862e-01
354,354,4.999999999999998890e-01
77,355,-1.039987949966154068e-01
151,355,-9.334298932547296923e-02
207,355,-1.346294366413515187e-01
355,355,6.310106549854989089e-01
32,356,-1.521059399175475890e-01
75,356,-1.458887337791479888e-01
140,356,-1.492115959226168742e-01
253,356,-1.233262123878943461e-01
356,356,5.000000000000000000e-01
9,357,-1.083006514729687592e-01
89,357,-1.130645276721888998e-01
104,357,-9.960335793706140417e-02
177,357,-9.770457204366861381e-02
197,357,-9.918705622306067671e-02
357,357,5.000000000000000000e-01
18,358,-1.569840071850793495e-01
70,358,-1.563388001434128094e-01
137,358,-1.187281935961723850e-01
196,358,-1.207004722973664124e-01
358,358,5.000000000000001110e-01
21,359,-9.308292695154567198e-02
88,359,-1.013193361613734661e-01
185,359,-9.702071129772460445e-02
188,359,-1.065034292276972328e-01
204,359,-1.147560542953411783e-01
359,359,5.000000000000001110e-01
36,360,-1.515690729078979226e-01
88,360,-1.518333318058890935e-01
163,360,-1.268853517917434282e-01
230,360,-1.210189291563497915e-01
360,360,5.000000000000000000e-01
55,361,-9.299394800816475348e-02
82,361,-1.066952021911228149e-01
184,361,-1.120409444680488115e-01
235,361,-1.106194612490388890e-01
281,361,-9.467469513265358572e-02
361,361,5.000000000000000000e-01
95,362,-1.388935513876732586e-01
134,362,-6.202620993112335779e-02
342,362,-1.281881835126766345e-01
362,362,6.346369687296706807e-01
23,363,-9.920218382726851691e-02
80,363,-8.112296177639140293e-02
97,363,-7.509482950043841476e-02
190,363,-6.899962210884333369e-02
305,363,-9.465663641671180628e-02
338,363,-7.574554935105448639e-02
363,363,5.000000000000000000e-01
86,364,-1.548921196828707547e-01
209,364,-6.946195749100070316e-02
290,364,-8.938073274219511533e-02
364,364,6.416992231334287533e-01
29,365,-9.415998321732518828e-02
96,365,-9.370428081942198950e-02
130,365,-5.297034514880165357e-02
156,365,-5.109949370224983051e-02
238,365,-1.157080158499767392e-01
346,365,-1.044426497801004688e-01
365,365,4.999999999999998890e-01
96,366,-1.023959096769156696e-01
174,366,-8.511976726061333542e-02
238,366,-1.615734323344904799e-01
366,366,6.253891190499790698e-01
82,367,-1.075869427748668561e-01
220,367,-9.521949874983229312e-02
235,367,-1.295596743354131553e-01
367,367,6.287551175007125570e-01
